k,silhouette,calinski_harabasz,davies_bouldin,inertia,min_cluster_n,median_cluster_n
2,0.035443466156721115,80.94864255046491,4.1239519873235055,1534.580078125,496,910.5
3,0.03547041863203049,61.75825000940052,5.148433732847821,1500.899169921875,446,654.0
4,0.03611905127763748,51.581212971627046,5.06805148164286,1477.077392578125,343,438.0
5,0.038890957832336426,45.56038212200921,4.772131816514023,1456.688232421875,269,369.0
6,0.04021228104829788,41.16907536564222,4.664861075607592,1439.6014404296875,225,299.0
7,0.030687034130096436,37.869432235625354,4.779812784794509,1424.44921875,189,235.0
8,0.03231625258922577,35.213207062170696,4.503575673269353,1411.0303955078125,102,244.5
9,0.03320736438035965,32.99345256484536,4.337414557731537,1399.073486328125,53,232.0
10,0.03635416924953461,31.367810529168004,4.3318701037319975,1386.7034912109375,143,180.0
11,0.03788982331752777,30.16281619746352,4.134615751011547,1373.9149169921875,30,179.0
12,0.03576530143618584,28.64425674338858,4.19957099089027,1365.101806640625,66,151.0
13,0.03985663503408432,27.941099812150284,4.024489620114399,1352.12109375,36,149.0
14,0.03876530006527901,26.85388567671272,3.9935858156412833,1343.3460693359375,53,130.5
15,0.04152907803654671,26.453445727481544,3.7803002446729463,1330.111572265625,28,119.0
16,0.04430019482970238,25.649492804896546,3.8894151569358466,1321.24365234375,55,124.5
17,0.041935499757528305,24.636829844981662,3.837707032643067,1315.4376220703125,46,112.0
18,0.04364181309938431,24.1720080618297,3.7008921311386658,1305.3641357421875,25,92.5
19,0.045873116701841354,23.747972403775226,3.7052619058573937,1295.5467529296875,28,88.0
20,0.04652847722172737,23.101216314311554,3.60626127590821,1288.7816162109375,28,85.5
21,0.04896560311317444,22.98204520464538,3.5272676206219664,1276.8262939453125,23,82.0
22,0.0463501438498497,22.072248305755625,3.580366754635264,1274.4947509765625,22,77.0
23,0.047498669475317,21.676763510762044,3.5745137730152594,1266.85888671875,22,75.0
24,0.046986158937215805,21.16613551612444,3.5284332897780915,1261.2021484375,22,66.5
25,0.04799281805753708,20.769974750140033,3.5141610664304466,1254.6451416015625,22,67.0
26,0.04903421550989151,20.398103815709675,3.455802109266434,1248.248779296875,22,66.0
27,0.05359084531664848,20.2924605516099,3.4521447024542367,1238.605712890625,24,68.0
28,0.0507589615881443,19.77323780472879,3.3921193641908913,1235.1097412109375,22,58.5
29,0.05229846015572548,19.54358983525753,3.362470238963487,1227.9073486328125,22,58.0
30,0.05291016399860382,19.239682043310932,3.3535291567807786,1222.138427734375,22,58.5
31,0.054158926010131836,18.992096912270753,3.3117401965511597,1215.859375,22,57.0
32,0.053980886936187744,18.52327440337148,3.3058346421896196,1213.40185546875,22,52.5
33,0.054054081439971924,18.253753177972207,3.3134805933391283,1208.17431640625,25,55.0
34,0.05659198388457298,18.09069130353288,3.2473994062644764,1201.48486328125,20,45.5
35,0.05804121866822243,17.583266742628624,3.2809456674256263,1200.89404296875,12,52.0
36,0.05806153267621994,17.298936715133806,3.265209491836013,1196.8919677734375,19,48.0
37,0.05545195937156677,17.090681184619736,3.313751987585438,1191.833251953125,22,49.0
38,0.058388229459524155,16.91515146969085,3.258808309261298,1186.4197998046875,17,46.0
39,0.058620043098926544,16.848806612613203,3.3244856408008,1179.197509765625,24,45.0
40,0.062494635581970215,16.61360522285138,3.143797567383857,1175.2967529296875,9,42.0
41,0.06056675314903259,16.49559617367751,3.237811084043877,1169.3922119140625,18,42.0
42,0.05861668288707733,15.935338543674387,3.228362567991508,1172.3271484375,8,41.0
43,0.05984839051961899,15.8121588864916,3.2225529089083738,1166.9844970703125,17,38.0
44,0.05783490091562271,15.493261399622273,3.2042152780642286,1165.803466796875,6,39.0
45,0.05939989164471626,15.575973131316076,3.134500976217514,1156.56396484375,12,42.0
46,0.06340347975492477,15.232333408135645,3.138954156443711,1156.3297119140625,5,35.0
47,0.05941281467676163,15.001125859344633,3.2475674030436696,1153.9912109375,12,37.0
48,0.06496626883745193,15.117150133540688,3.172873592709577,1144.30615234375,12,35.5
49,0.06120695918798447,14.853107431425334,3.1608606206916727,1142.9967041015625,8,36.0
50,0.060519784688949585,14.600742732806689,3.1976261016882126,1141.6683349609375,17,33.5
52,0.0604882687330246,14.233728094724631,3.1482010809282377,1136.50146484375,9,32.5
54,0.06385823339223862,14.01660302903399,3.093532328096608,1128.4500732421875,5,31.0
56,0.061828725039958954,13.805191021929518,3.056096319589767,1120.7403564453125,10,30.5
58,0.06398727744817734,13.511013708421775,3.0178341898588483,1115.5626220703125,4,29.5
60,0.06350412219762802,13.252083652560472,3.0308498478799675,1110.0267333984375,4,29.0
62,0.061697836965322495,13.054101946273526,2.9673854704017506,1103.3740234375,5,26.5
64,0.06810951977968216,12.790951735812335,2.971835246498112,1098.8812255859375,7,27.5
66,0.06246694177389145,12.545696869654144,2.9564301526010768,1094.3677978515625,5,24.5
68,0.06718598306179047,12.524330019187804,2.953761273091444,1083.986328125,9,24.5
70,0.06494536250829697,12.252064248395211,2.941776162881141,1080.9722900390625,6,23.0
72,0.0660412535071373,12.106499804514476,2.9455189724941153,1074.700439453125,5,25.0
74,0.06725825369358063,11.937666790605851,2.9032656882198875,1069.4176025390625,4,24.0
76,0.06535006314516068,11.640463563861523,2.905067877548228,1068.36279296875,6,22.5
78,0.06603393703699112,11.529707016110168,2.8811703871935634,1061.96533203125,6,22.5
80,0.06527839601039886,11.283430651332528,2.980001717153516,1060.1005859375,5,22.0
82,0.06689982861280441,11.186937141608924,2.8854338606657035,1053.7784423828125,2,20.5
84,0.06614159047603607,10.973317849748145,2.833592673086942,1051.5157470703125,4,20.0
86,0.06896516680717468,10.867703596778629,2.827854098647294,1045.9716796875,4,19.0
88,0.06722944229841232,10.66045331587052,2.849380878167369,1044.0966796875,5,21.0
90,0.06670578569173813,10.640519149230704,2.8539200176584427,1036.058349609375,3,19.0
92,0.06299028545618057,10.437282152513943,2.8584859611130407,1034.5576171875,5,19.0
94,0.06639423966407776,10.228873667108841,2.8013818443225422,1033.556640625,4,17.5
96,0.06219618022441864,10.063557823256557,2.8494652055477534,1031.2998046875,5,18.5
98,0.06372565776109695,9.993451970833492,2.797332002113103,1025.770263671875,5,17.5
100,0.0634540468454361,9.852656016060592,2.8116447486946083,1023.0411987304688,5,17.0
105,0.0636507198214531,9.639534398888282,2.7533513761290584,1011.7769775390625,5,16.0
110,0.06439337879419327,9.421281615692022,2.712351880580192,1001.6777954101562,4,15.5
115,0.0626508817076683,9.140550358056638,2.729178013218981,995.0787353515625,4,15.0
120,0.06344705820083618,8.914041536072547,2.7036672676724844,987.2232666015625,3,15.0
125,0.06644020974636078,8.72868806865459,2.6715780608450506,978.445068359375,3,14.0
130,0.06838653981685638,8.58135835320769,2.635266660738188,968.7135620117188,3,12.5
135,0.06860200315713882,8.37378648495357,2.599949294242186,962.3780517578125,3,12.0
140,0.06987303495407104,8.226889489370711,2.5650287143724873,953.9356689453125,1,11.0
145,0.07275395095348358,8.087337129490225,2.509361111839564,945.7280883789062,3,11.0
150,0.0644756332039833,7.845561363576934,2.5464565482285413,943.1018676757812,2,11.0
155,0.06948216259479523,7.760455228626023,2.5238022294198537,933.33837890625,2,10.0
160,0.0675850436091423,7.698568304011258,2.4472683448771364,922.8086547851562,3,10.0
165,0.07486271858215332,7.595430258082723,2.4466184837569926,914.7742919921875,2,10.0
170,0.06899802386760712,7.440735450495764,2.4542928657067065,909.869384765625,3,9.0
175,0.07124900817871094,7.3063376875621024,2.4328144542152406,904.3719482421875,3,9.0
180,0.0690559446811676,7.209892377028735,2.4004422920233996,897.2364501953125,2,8.5
185,0.07134008407592773,7.138848125609876,2.4094481884721777,889.0505981445312,3,9.0
190,0.07295918464660645,7.003343439804778,2.3349356910366628,884.8085327148438,1,8.0
195,0.07054314017295837,6.970688456553414,2.3447096779396763,875.0822143554688,1,8.0
200,0.06927904486656189,6.844225197185044,2.353521210516091,871.0206298828125,2,8.0
